order_id,order_date,customer_name,product_id,quantity
2024020001,2024-02-2,User59,2,6
2024020002,2024-02-9,User76,5,9
2024020003,2024-02-20,User38,2,7
2024020004,2024-02-18,User79,3,9
2024020005,2024-02-13,User99,4,5
2024020006,2024-02-23,User92,2,6
2024020007,2024-02-11,User82,5,1
2024020008,2024-02-7,User6,5,8
2024020009,2024-02-1,User37,5,10
2024020010,2024-02-21,User78,3,6
2024020011,2024-02-10,User10,5,10
2024020012,2024-02-4,User18,4,3
2024020013,2024-02-18,User81,5,3
2024020014,2024-02-13,User65,4,3
2024020015,2024-02-6,User37,3,4
2024020016,2024-02-16,User46,4,1
2024020017,2024-02-12,User97,1,10
2024020018,2024-02-15,User5,2,3
2024020019,2024-02-24,User18,4,10
2024020020,2024-02-12,User52,5,5
2024020021,2024-02-5,User37,5,7
2024020022,2024-02-28,User96,3,6
2024020023,2024-02-24,User61,5,5
2024020024,2024-02-17,User83,5,10
2024020025,2024-02-12,User92,4,2
2024020026,2024-02-14,User8,5,1
2024020027,2024-02-6,User69,2,1
2024020028,2024-02-18,User53,2,6
2024020029,2024-02-12,User18,1,10
2024020030,2024-02-8,User37,2,6
2024020031,2024-02-28,User22,4,9
2024020032,2024-02-8,User7,3,3
2024020033,2024-02-27,User41,4,5
2024020034,2024-02-11,User88,3,10
2024020035,2024-02-16,User27,3,10
2024020036,2024-02-6,User69,2,3
2024020037,2024-02-22,User78,2,6
2024020038,2024-02-23,User74,3,5
2024020039,2024-02-9,User7,4,10
2024020040,2024-02-25,User6,3,3
2024020041,2024-02-20,User40,3,10
2024020042,2024-02-26,User10,4,4
2024020043,2024-02-28,User53,4,7
2024020044,2024-02-10,User89,3,6
2024020045,2024-02-20,User31,1,5
2024020046,2024-02-21,User56,5,7
2024020047,2024-02-3,User75,5,8
2024020048,2024-02-4,User24,5,8
2024020049,2024-02-20,User77,3,7
2024020050,2024-02-11,User14,5,9
2024020051,2024-02-16,User54,2,6
2024020052,2024-02-15,User97,5,2
2024020053,2024-02-5,User59,2,10
2024020054,2024-02-7,User36,4,4
2024020055,2024-02-4,User17,5,9
2024020056,2024-02-18,User25,4,9
2024020057,2024-02-27,User96,5,9
2024020058,2024-02-18,User71,1,4
2024020059,2024-02-8,User29,2,6
2024020060,2024-02-12,User27,4,3
2024020061,2024-02-9,User34,5,4
2024020062,2024-02-4,User16,2,5
2024020063,2024-02-9,User27,5,2
2024020064,2024-02-20,User85,3,8
2024020065,2024-02-20,User14,2,7
2024020066,2024-02-25,User99,5,8
2024020067,2024-02-27,User58,5,10
2024020068,2024-02-18,User62,5,10
2024020069,2024-02-6,User95,3,4
2024020070,2024-02-22,User13,1,9
2024020071,2024-02-13,User39,5,3
2024020072,2024-02-27,User4,1,1
2024020073,2024-02-5,User39,2,7
2024020074,2024-02-27,User53,3,2
2024020075,2024-02-8,User69,4,3
2024020076,2024-02-16,User90,5,5
2024020077,2024-02-2,User78,4,8
2024020078,2024-02-1,User90,2,3
2024020079,2024-02-14,User78,5,1
2024020080,2024-02-3,User96,3,6
2024020081,2024-02-14,User75,3,10
2024020082,2024-02-19,User61,3,7
2024020083,2024-02-23,User81,4,9
2024020084,2024-02-17,User79,5,9
2024020085,2024-02-16,User40,3,4
2024020086,2024-02-20,User69,4,6
2024020087,2024-02-14,User22,1,3
2024020088,2024-02-25,User19,5,6
2024020089,2024-02-6,User35,1,6
2024020090,2024-02-9,User35,2,5
2024020091,2024-02-9,User81,1,6
2024020092,2024-02-26,User100,1,1
2024020093,2024-02-16,User84,1,2
2024020094,2024-02-8,User84,1,8
2024020095,2024-02-24,User95,3,6
2024020096,2024-02-12,User88,5,8
2024020097,2024-02-9,User38,5,5
2024020098,2024-02-26,User58,2,10
2024020099,2024-02-22,User74,4,10
2024020100,2024-02-28,User15,2,4
2024020101,2024-02-27,User85,3,5
2024020102,2024-02-24,User32,2,2
2024020103,2024-02-20,User16,1,5
2024020104,2024-02-25,User24,1,10
2024020105,2024-02-10,User81,2,2
2024020106,2024-02-4,User96,1,6
2024020107,2024-02-20,User11,4,4
2024020108,2024-02-27,User68,1,4
2024020109,2024-02-26,User37,1,10
2024020110,2024-02-5,User82,2,2
2024020111,2024-02-11,User55,5,5
2024020112,2024-02-15,User65,4,7
2024020113,2024-02-25,User77,5,10
2024020114,2024-02-11,User10,3,9
2024020115,2024-02-5,User13,5,7
2024020116,2024-02-2,User90,1,7
2024020117,2024-02-16,User95,2,9
2024020118,2024-02-4,User52,3,9
2024020119,2024-02-9,User28,4,2
2024020120,2024-02-12,User28,1,1
2024020121,2024-02-4,User94,3,4
2024020122,2024-02-26,User9,3,4
2024020123,2024-02-6,User87,2,3
2024020124,2024-02-11,User31,4,8
2024020125,2024-02-7,User64,4,5
2024020126,2024-02-11,User30,1,5
2024020127,2024-02-24,User94,5,6
2024020128,2024-02-17,User55,4,5
2024020129,2024-02-9,User84,3,1
2024020130,2024-02-17,User58,1,3
2024020131,2024-02-28,User24,1,6
2024020132,2024-02-16,User46,4,4
2024020133,2024-02-9,User25,5,10
2024020134,2024-02-3,User93,5,7
2024020135,2024-02-11,User45,2,1
2024020136,2024-02-21,User68,1,5
2024020137,2024-02-19,User55,3,3
2024020138,2024-02-2,User2,5,4
2024020139,2024-02-13,User95,5,9
2024020140,2024-02-16,User37,5,5
2024020141,2024-02-9,User65,2,7
2024020142,2024-02-18,User62,3,2
2024020143,2024-02-19,User25,4,7
2024020144,2024-02-10,User20,2,4
2024020145,2024-02-6,User50,3,1
2024020146,2024-02-5,User14,3,5
2024020147,2024-02-23,User89,1,7
2024020148,2024-02-11,User44,3,6
2024020149,2024-02-9,User47,2,7
2024020150,2024-02-12,User3,5,3
2024020151,2024-02-13,User28,1,5
2024020152,2024-02-13,User41,5,3
2024020153,2024-02-4,User7,3,2
2024020154,2024-02-17,User90,1,9
2024020155,2024-02-21,User11,5,2
2024020156,2024-02-1,User95,5,6
2024020157,2024-02-23,User6,2,7
2024020158,2024-02-14,User31,4,10
2024020159,2024-02-18,User11,1,8
2024020160,2024-02-17,User39,3,2
2024020161,2024-02-10,User94,1,5
2024020162,2024-02-6,User44,4,7
2024020163,2024-02-1,User74,2,1
2024020164,2024-02-12,User13,4,1
2024020165,2024-02-16,User58,4,9
2024020166,2024-02-11,User55,5,3
2024020167,2024-02-11,User28,4,3
2024020168,2024-02-26,User29,3,7
2024020169,2024-02-26,User9,1,10
2024020170,2024-02-22,User7,2,2
2024020171,2024-02-8,User64,3,6
2024020172,2024-02-15,User21,4,1
2024020173,2024-02-4,User65,3,8
2024020174,2024-02-5,User17,1,4
2024020175,2024-02-14,User26,1,1
2024020176,2024-02-18,User45,4,2
2024020177,2024-02-1,User99,2,10
2024020178,2024-02-24,User51,3,4
2024020179,2024-02-24,User28,1,6
2024020180,2024-02-1,User65,3,1
2024020181,2024-02-8,User64,3,3
2024020182,2024-02-23,User15,4,8
2024020183,2024-02-5,User80,4,6
2024020184,2024-02-1,User25,5,4
2024020185,2024-02-2,User17,2,5
2024020186,2024-02-28,User22,3,4
2024020187,2024-02-10,User99,4,3
2024020188,2024-02-18,User49,3,1
2024020189,2024-02-12,User11,1,9
2024020190,2024-02-23,User57,1,7
2024020191,2024-02-1,User95,5,4
2024020192,2024-02-18,User17,4,8
2024020193,2024-02-1,User100,4,3
2024020194,2024-02-21,User31,4,2
2024020195,2024-02-7,User95,3,6
2024020196,2024-02-17,User61,4,4
2024020197,2024-02-17,User34,2,1
2024020198,2024-02-23,User15,2,9
2024020199,2024-02-14,User86,2,1
2024020200,2024-02-13,User68,3,8
2024020201,2024-02-24,User94,2,5
2024020202,2024-02-27,User59,1,1
2024020203,2024-02-12,User73,3,6
2024020204,2024-02-13,User56,4,5
2024020205,2024-02-19,User31,1,9
2024020206,2024-02-26,User61,5,3
2024020207,2024-02-17,User22,1,4
2024020208,2024-02-20,User11,4,3
2024020209,2024-02-17,User90,2,3
2024020210,2024-02-10,User68,4,8
2024020211,2024-02-25,User86,1,4
2024020212,2024-02-26,User87,5,9
2024020213,2024-02-16,User99,1,1
2024020214,2024-02-4,User69,3,1
2024020215,2024-02-1,User44,1,8
2024020216,2024-02-16,User96,2,4
2024020217,2024-02-25,User74,5,2
2024020218,2024-02-12,User97,3,3
2024020219,2024-02-9,User36,3,9
2024020220,2024-02-25,User20,4,2
2024020221,2024-02-20,User60,2,7
2024020222,2024-02-3,User2,3,7
2024020223,2024-02-16,User79,2,1
2024020224,2024-02-6,User1,3,8
2024020225,2024-02-4,User72,5,7
2024020226,2024-02-24,User75,1,2
2024020227,2024-02-6,User79,1,7
2024020228,2024-02-11,User78,4,3
2024020229,2024-02-16,User74,2,4
2024020230,2024-02-26,User42,5,7
2024020231,2024-02-21,User73,4,5
2024020232,2024-02-13,User92,4,10
2024020233,2024-02-13,User18,1,6
2024020234,2024-02-1,User75,1,2
2024020235,2024-02-24,User5,1,4
2024020236,2024-02-18,User82,4,9
2024020237,2024-02-23,User58,1,1
2024020238,2024-02-2,User86,2,1
2024020239,2024-02-25,User20,4,9
2024020240,2024-02-7,User18,1,2
2024020241,2024-02-7,User27,4,1
2024020242,2024-02-27,User28,4,10
2024020243,2024-02-28,User43,4,8
2024020244,2024-02-8,User43,4,5
2024020245,2024-02-21,User68,5,9
2024020246,2024-02-2,User45,2,9
2024020247,2024-02-16,User56,1,4
2024020248,2024-02-27,User3,2,4
2024020249,2024-02-19,User75,3,3
2024020250,2024-02-6,User35,1,4
2024020251,2024-02-11,User21,3,5
2024020252,2024-02-26,User2,1,8
2024020253,2024-02-28,User58,3,5
2024020254,2024-02-12,User30,2,3
2024020255,2024-02-19,User92,1,4
2024020256,2024-02-12,User100,4,7
2024020257,2024-02-19,User36,1,10
2024020258,2024-02-23,User6,5,2
2024020259,2024-02-13,User58,1,3
2024020260,2024-02-24,User6,2,2
2024020261,2024-02-10,User15,4,10
2024020262,2024-02-7,User73,2,5
2024020263,2024-02-9,User95,3,3
2024020264,2024-02-26,User80,2,6
2024020265,2024-02-8,User48,2,9
2024020266,2024-02-6,User58,3,4
2024020267,2024-02-15,User69,1,7
2024020268,2024-02-4,User87,5,5
2024020269,2024-02-10,User27,2,9
2024020270,2024-02-15,User32,2,5
2024020271,2024-02-10,User84,4,9
2024020272,2024-02-18,User70,4,6
2024020273,2024-02-21,User53,3,2
2024020274,2024-02-14,User80,2,3
2024020275,2024-02-24,User31,5,10
2024020276,2024-02-9,User96,3,8
2024020277,2024-02-12,User8,1,8
2024020278,2024-02-24,User77,5,10
2024020279,2024-02-26,User32,4,1
2024020280,2024-02-1,User73,1,10
2024020281,2024-02-12,User26,4,6
2024020282,2024-02-7,User19,3,10
2024020283,2024-02-19,User96,5,3
2024020284,2024-02-15,User6,5,9
2024020285,2024-02-22,User1,1,2
2024020286,2024-02-18,User27,4,7
2024020287,2024-02-19,User49,3,10
2024020288,2024-02-6,User47,5,5
2024020289,2024-02-24,User83,4,10
2024020290,2024-02-18,User88,2,6
2024020291,2024-02-21,User41,1,10
2024020292,2024-02-16,User52,1,1
2024020293,2024-02-1,User23,3,9
2024020294,2024-02-9,User24,1,9
2024020295,2024-02-5,User3,2,2
2024020296,2024-02-6,User55,5,3
2024020297,2024-02-2,User71,5,8
2024020298,2024-02-2,User22,3,3
2024020299,2024-02-24,User39,2,2
2024020300,2024-02-14,User9,4,9
2024020301,2024-02-6,User10,1,4
2024020302,2024-02-27,User31,3,9
2024020303,2024-02-8,User43,4,5
2024020304,2024-02-1,User64,2,7
2024020305,2024-02-14,User100,4,1
2024020306,2024-02-25,User88,3,10
2024020307,2024-02-25,User76,2,6
2024020308,2024-02-11,User84,3,4
2024020309,2024-02-5,User48,1,8
2024020310,2024-02-11,User84,3,9
2024020311,2024-02-10,User55,4,2
2024020312,2024-02-5,User27,1,3
2024020313,2024-02-2,User54,5,5
2024020314,2024-02-22,User53,2,5
2024020315,2024-02-21,User99,2,9
2024020316,2024-02-10,User56,4,8
2024020317,2024-02-4,User62,5,3
2024020318,2024-02-16,User92,3,1
2024020319,2024-02-22,User98,4,4
2024020320,2024-02-10,User54,1,8
2024020321,2024-02-24,User36,3,5
2024020322,2024-02-19,User62,5,10
2024020323,2024-02-13,User15,5,1
2024020324,2024-02-6,User98,1,1
2024020325,2024-02-18,User15,3,9
2024020326,2024-02-27,User97,3,4
2024020327,2024-02-26,User17,5,3
2024020328,2024-02-23,User65,1,4
2024020329,2024-02-18,User91,4,4
2024020330,2024-02-14,User68,4,1
2024020331,2024-02-7,User87,5,8
2024020332,2024-02-16,User18,5,8
2024020333,2024-02-26,User89,1,2
2024020334,2024-02-10,User2,1,7
2024020335,2024-02-3,User13,5,7
2024020336,2024-02-26,User18,4,7
2024020337,2024-02-13,User84,1,8
2024020338,2024-02-19,User54,4,10
2024020339,2024-02-22,User20,1,8
2024020340,2024-02-10,User40,3,4
2024020341,2024-02-9,User80,2,6
2024020342,2024-02-9,User79,3,2
2024020343,2024-02-11,User48,3,5
2024020344,2024-02-26,User70,4,3
2024020345,2024-02-4,User50,3,6
2024020346,2024-02-16,User85,5,1
2024020347,2024-02-4,User7,2,8
2024020348,2024-02-18,User32,2,9
2024020349,2024-02-12,User65,4,3
2024020350,2024-02-11,User18,5,4
2024020351,2024-02-1,User58,2,7
2024020352,2024-02-23,User79,5,8
2024020353,2024-02-12,User79,5,4
2024020354,2024-02-16,User62,4,4
2024020355,2024-02-16,User68,3,3
2024020356,2024-02-8,User56,2,5
2024020357,2024-02-8,User13,5,7
2024020358,2024-02-16,User90,3,7
2024020359,2024-02-4,User19,2,3
2024020360,2024-02-7,User30,1,6
2024020361,2024-02-2,User23,1,7
2024020362,2024-02-1,User4,5,8
2024020363,2024-02-4,User91,5,3
2024020364,2024-02-23,User67,4,5
2024020365,2024-02-20,User27,2,5
2024020366,2024-02-27,User99,4,5
2024020367,2024-02-12,User48,4,7
2024020368,2024-02-2,User38,2,3
2024020369,2024-02-3,User45,1,9
2024020370,2024-02-27,User63,5,6
2024020371,2024-02-25,User20,3,3
2024020372,2024-02-4,User75,4,7
2024020373,2024-02-1,User30,3,7
2024020374,2024-02-7,User71,3,9
2024020375,2024-02-23,User100,1,10
2024020376,2024-02-27,User86,2,1
2024020377,2024-02-13,User5,2,4
2024020378,2024-02-7,User96,4,8
2024020379,2024-02-21,User80,2,9
2024020380,2024-02-4,User85,4,9
2024020381,2024-02-17,User17,3,5
2024020382,2024-02-8,User90,2,8
2024020383,2024-02-12,User76,3,10
2024020384,2024-02-15,User32,4,3
2024020385,2024-02-10,User66,4,5
2024020386,2024-02-20,User82,5,7
2024020387,2024-02-6,User25,2,5
2024020388,2024-02-7,User88,1,7
2024020389,2024-02-10,User52,4,1
2024020390,2024-02-6,User28,4,7
2024020391,2024-02-5,User23,2,9
2024020392,2024-02-26,User59,3,1
2024020393,2024-02-2,User61,3,4
2024020394,2024-02-4,User94,5,3
2024020395,2024-02-20,User91,2,1
2024020396,2024-02-27,User19,1,6
2024020397,2024-02-8,User48,5,1
2024020398,2024-02-1,User56,5,4
2024020399,2024-02-13,User3,5,9
2024020400,2024-02-3,User90,3,2
2024020401,2024-02-23,User53,3,6
2024020402,2024-02-16,User94,5,5
2024020403,2024-02-10,User78,4,1
2024020404,2024-02-3,User84,3,5
2024020405,2024-02-11,User51,5,2
2024020406,2024-02-20,User31,1,10
2024020407,2024-02-2,User97,1,2
2024020408,2024-02-5,User45,5,1
2024020409,2024-02-15,User2,2,8
2024020410,2024-02-28,User55,2,5
2024020411,2024-02-27,User55,4,4
2024020412,2024-02-6,User100,2,8
2024020413,2024-02-20,User33,1,5
2024020414,2024-02-1,User70,5,6
2024020415,2024-02-6,User53,4,3
2024020416,2024-02-2,User88,1,3
2024020417,2024-02-20,User7,3,4
2024020418,2024-02-9,User62,2,1
2024020419,2024-02-6,User85,5,5
2024020420,2024-02-13,User11,2,10
2024020421,2024-02-11,User41,2,2
2024020422,2024-02-2,User62,4,5
2024020423,2024-02-20,User99,5,9
2024020424,2024-02-15,User16,2,1
2024020425,2024-02-22,User24,2,10
2024020426,2024-02-8,User63,5,5
2024020427,2024-02-26,User27,3,5
2024020428,2024-02-4,User46,1,7
2024020429,2024-02-4,User5,5,9
2024020430,2024-02-14,User57,4,9
2024020431,2024-02-13,User38,3,3
2024020432,2024-02-15,User25,4,8
2024020433,2024-02-21,User83,3,8
2024020434,2024-02-4,User12,1,2
2024020435,2024-02-23,User90,2,1
2024020436,2024-02-10,User78,5,6
2024020437,2024-02-27,User22,4,4
2024020438,2024-02-1,User41,4,3
2024020439,2024-02-16,User71,3,10
2024020440,2024-02-22,User19,1,7
2024020441,2024-02-27,User35,3,1
2024020442,2024-02-6,User34,2,6
2024020443,2024-02-13,User60,1,6
2024020444,2024-02-16,User69,4,4
2024020445,2024-02-8,User29,5,8
2024020446,2024-02-27,User81,2,8
2024020447,2024-02-3,User13,3,2
2024020448,2024-02-9,User33,4,1
2024020449,2024-02-11,User19,3,9
2024020450,2024-02-20,User5,5,5
2024020451,2024-02-1,User2,3,10
2024020452,2024-02-28,User19,1,4
2024020453,2024-02-5,User20,3,6
2024020454,2024-02-7,User77,5,4
2024020455,2024-02-7,User79,2,5
2024020456,2024-02-2,User42,3,2
2024020457,2024-02-28,User42,1,7
2024020458,2024-02-9,User71,1,6
2024020459,2024-02-12,User100,1,4
2024020460,2024-02-4,User59,1,4
2024020461,2024-02-15,User35,2,3
2024020462,2024-02-15,User11,3,7
2024020463,2024-02-13,User79,2,7
2024020464,2024-02-14,User6,4,4
2024020465,2024-02-16,User85,5,6
2024020466,2024-02-14,User49,1,2
2024020467,2024-02-22,User42,3,3
2024020468,2024-02-28,User85,3,3
2024020469,2024-02-13,User3,1,5
2024020470,2024-02-13,User3,5,10
2024020471,2024-02-13,User20,3,7
2024020472,2024-02-5,User96,3,10
2024020473,2024-02-2,User35,3,7
2024020474,2024-02-27,User63,3,8
2024020475,2024-02-5,User57,5,2
2024020476,2024-02-8,User74,4,10
2024020477,2024-02-11,User96,3,9
2024020478,2024-02-19,User98,4,4
2024020479,2024-02-3,User95,5,4
2024020480,2024-02-25,User53,2,6
2024020481,2024-02-16,User61,5,7
2024020482,2024-02-19,User6,4,6
2024020483,2024-02-19,User59,2,9
2024020484,2024-02-18,User56,5,3
2024020485,2024-02-9,User34,2,3
2024020486,2024-02-5,User50,3,3
2024020487,2024-02-7,User32,4,2
2024020488,2024-02-26,User93,3,5
2024020489,2024-02-28,User49,2,10
2024020490,2024-02-11,User48,4,5
2024020491,2024-02-8,User82,3,3
2024020492,2024-02-6,User13,2,5
2024020493,2024-02-20,User38,2,10
2024020494,2024-02-1,User31,1,8
2024020495,2024-02-24,User24,5,9
2024020496,2024-02-18,User75,1,10
2024020497,2024-02-24,User27,1,1
2024020498,2024-02-17,User8,5,5
2024020499,2024-02-13,User5,2,2
2024020500,2024-02-13,User74,2,2
2024020501,2024-02-15,User45,3,5
2024020502,2024-02-12,User71,4,6
2024020503,2024-02-18,User43,2,3
2024020504,2024-02-17,User31,1,5
2024020505,2024-02-13,User40,4,7
2024020506,2024-02-25,User79,4,9
2024020507,2024-02-28,User81,3,2
2024020508,2024-02-9,User70,4,4
2024020509,2024-02-8,User17,4,3
2024020510,2024-02-24,User17,1,2
2024020511,2024-02-21,User33,2,2
2024020512,2024-02-22,User16,5,7
2024020513,2024-02-16,User49,1,10
2024020514,2024-02-15,User90,1,2
2024020515,2024-02-6,User42,4,4
2024020516,2024-02-25,User4,4,1
2024020517,2024-02-14,User67,5,4
2024020518,2024-02-21,User83,4,6
2024020519,2024-02-14,User38,2,4
2024020520,2024-02-10,User54,2,2
2024020521,2024-02-3,User92,2,7
2024020522,2024-02-7,User28,3,4
2024020523,2024-02-16,User36,4,2
2024020524,2024-02-10,User99,2,10
2024020525,2024-02-7,User76,5,8
2024020526,2024-02-7,User75,1,8
2024020527,2024-02-3,User7,5,7
2024020528,2024-02-15,User80,2,9
2024020529,2024-02-11,User81,1,4
2024020530,2024-02-21,User70,4,2
2024020531,2024-02-13,User83,4,3
2024020532,2024-02-27,User65,3,4
2024020533,2024-02-1,User52,3,4
2024020534,2024-02-7,User67,1,7
2024020535,2024-02-26,User76,4,3
2024020536,2024-02-10,User10,4,3
2024020537,2024-02-22,User69,3,5
2024020538,2024-02-16,User30,4,7
2024020539,2024-02-26,User97,1,6
2024020540,2024-02-25,User60,5,6
2024020541,2024-02-18,User91,5,8
2024020542,2024-02-23,User73,3,6
2024020543,2024-02-21,User8,3,5
2024020544,2024-02-12,User20,5,1
2024020545,2024-02-26,User1,2,7
2024020546,2024-02-10,User95,4,10
2024020547,2024-02-20,User60,4,9
2024020548,2024-02-21,User1,4,4
2024020549,2024-02-10,User34,5,6
2024020550,2024-02-23,User89,2,9
2024020551,2024-02-15,User42,3,4
2024020552,2024-02-16,User75,4,4
2024020553,2024-02-17,User11,1,4
2024020554,2024-02-4,User45,3,7
2024020555,2024-02-27,User29,4,7
2024020556,2024-02-15,User1,2,5
2024020557,2024-02-23,User12,5,4
2024020558,2024-02-2,User39,5,3
2024020559,2024-02-17,User15,5,2
2024020560,2024-02-20,User8,4,1
2024020561,2024-02-18,User74,2,3
2024020562,2024-02-26,User75,1,5
2024020563,2024-02-24,User72,3,3
2024020564,2024-02-15,User3,2,10
2024020565,2024-02-22,User35,5,5
2024020566,2024-02-16,User83,1,8
2024020567,2024-02-25,User33,3,10
2024020568,2024-02-15,User100,3,8
2024020569,2024-02-18,User59,3,8
2024020570,2024-02-9,User84,5,7
2024020571,2024-02-24,User35,2,9
2024020572,2024-02-20,User96,2,9
2024020573,2024-02-3,User24,3,2
2024020574,2024-02-25,User64,1,2
2024020575,2024-02-16,User85,3,4
2024020576,2024-02-26,User77,1,8
2024020577,2024-02-12,User48,3,7
2024020578,2024-02-4,User82,5,2
2024020579,2024-02-7,User53,5,7
2024020580,2024-02-22,User26,2,9
2024020581,2024-02-12,User16,3,4
2024020582,2024-02-1,User2,1,4
2024020583,2024-02-13,User27,5,4
2024020584,2024-02-6,User39,3,8
2024020585,2024-02-5,User7,4,10
2024020586,2024-02-5,User32,4,9
2024020587,2024-02-25,User74,3,2
2024020588,2024-02-12,User91,1,3
2024020589,2024-02-9,User72,4,5
2024020590,2024-02-26,User15,1,10
2024020591,2024-02-20,User62,2,7
2024020592,2024-02-16,User61,3,8
2024020593,2024-02-25,User32,1,9
2024020594,2024-02-18,User63,4,8
2024020595,2024-02-13,User8,1,8
2024020596,2024-02-1,User74,3,7
2024020597,2024-02-21,User67,4,4
2024020598,2024-02-17,User75,5,10
2024020599,2024-02-28,User75,2,4
2024020600,2024-02-24,User58,2,4
2024020601,2024-02-17,User77,3,4
2024020602,2024-02-9,User70,2,5
2024020603,2024-02-11,User55,4,5
2024020604,2024-02-8,User3,3,8
2024020605,2024-02-27,User49,3,9
2024020606,2024-02-28,User78,3,1
2024020607,2024-02-4,User75,1,9
2024020608,2024-02-6,User38,2,4
2024020609,2024-02-1,User10,3,9
2024020610,2024-02-27,User51,2,7
2024020611,2024-02-11,User33,1,8
2024020612,2024-02-21,User33,2,2
2024020613,2024-02-27,User75,5,9
2024020614,2024-02-1,User6,4,10
2024020615,2024-02-12,User39,4,8
2024020616,2024-02-7,User45,2,6
2024020617,2024-02-4,User35,5,9
2024020618,2024-02-10,User6,5,1
2024020619,2024-02-27,User54,2,10
2024020620,2024-02-26,User59,1,3
2024020621,2024-02-8,User43,1,10
2024020622,2024-02-27,User38,5,8
2024020623,2024-02-10,User86,2,5
2024020624,2024-02-1,User27,1,7
2024020625,2024-02-10,User44,5,2
2024020626,2024-02-24,User19,4,7
2024020627,2024-02-16,User17,1,8
2024020628,2024-02-9,User1,3,6
2024020629,2024-02-28,User87,3,10
2024020630,2024-02-16,User45,5,5
2024020631,2024-02-21,User33,3,7
2024020632,2024-02-19,User22,2,2
2024020633,2024-02-26,User15,3,10
2024020634,2024-02-13,User65,4,3
2024020635,2024-02-17,User21,1,8
2024020636,2024-02-21,User74,1,2
2024020637,2024-02-19,User40,4,3
2024020638,2024-02-1,User15,5,5
2024020639,2024-02-11,User75,4,7
2024020640,2024-02-3,User22,4,10
2024020641,2024-02-24,User64,5,10
2024020642,2024-02-17,User55,2,6
2024020643,2024-02-11,User25,1,9
2024020644,2024-02-2,User84,3,1
2024020645,2024-02-3,User46,3,1
2024020646,2024-02-25,User28,1,3
2024020647,2024-02-16,User44,3,6
2024020648,2024-02-16,User5,5,10
2024020649,2024-02-21,User76,1,3
2024020650,2024-02-12,User47,5,6
2024020651,2024-02-13,User92,4,9
2024020652,2024-02-16,User31,1,8
2024020653,2024-02-3,User53,3,6
2024020654,2024-02-15,User96,2,3
2024020655,2024-02-17,User17,3,3
2024020656,2024-02-2,User31,4,8
2024020657,2024-02-15,User54,2,3
2024020658,2024-02-5,User79,1,6
2024020659,2024-02-9,User21,1,2
2024020660,2024-02-15,User7,3,9
2024020661,2024-02-17,User18,2,2
2024020662,2024-02-15,User92,2,1
2024020663,2024-02-12,User19,2,6
2024020664,2024-02-16,User80,1,10
2024020665,2024-02-23,User15,2,3
2024020666,2024-02-9,User35,3,9
2024020667,2024-02-11,User85,2,2
2024020668,2024-02-5,User95,4,10
2024020669,2024-02-8,User86,4,5
2024020670,2024-02-20,User77,4,2
2024020671,2024-02-20,User4,2,5
2024020672,2024-02-23,User73,4,7
2024020673,2024-02-19,User40,1,6
2024020674,2024-02-14,User81,2,5
2024020675,2024-02-24,User86,4,4
2024020676,2024-02-22,User87,3,3
2024020677,2024-02-6,User91,5,5
2024020678,2024-02-2,User92,2,4
2024020679,2024-02-14,User59,2,4
2024020680,2024-02-2,User64,5,6
2024020681,2024-02-11,User68,2,3
2024020682,2024-02-5,User27,2,6
2024020683,2024-02-25,User94,3,1
2024020684,2024-02-27,User46,3,9
2024020685,2024-02-27,User89,4,5
2024020686,2024-02-24,User97,4,5
2024020687,2024-02-17,User78,2,5
2024020688,2024-02-12,User42,4,6
2024020689,2024-02-10,User41,2,3
2024020690,2024-02-17,User43,3,6
2024020691,2024-02-10,User81,1,8
2024020692,2024-02-15,User49,2,1
2024020693,2024-02-3,User31,3,4
2024020694,2024-02-5,User13,5,10
2024020695,2024-02-4,User97,4,9
2024020696,2024-02-17,User6,1,8
2024020697,2024-02-25,User43,1,3
2024020698,2024-02-25,User56,1,7
2024020699,2024-02-22,User39,5,9
2024020700,2024-02-15,User7,4,4
2024020701,2024-02-17,User9,5,10
2024020702,2024-02-8,User62,4,3
2024020703,2024-02-21,User46,3,4
2024020704,2024-02-8,User12,3,3
2024020705,2024-02-12,User81,1,6
2024020706,2024-02-1,User53,4,6
2024020707,2024-02-17,User73,3,7
2024020708,2024-02-26,User58,1,2
2024020709,2024-02-16,User100,5,4
2024020710,2024-02-1,User29,5,1
2024020711,2024-02-3,User44,2,3
2024020712,2024-02-26,User97,3,9
2024020713,2024-02-23,User51,2,10
2024020714,2024-02-21,User75,2,3
2024020715,2024-02-28,User81,4,6
2024020716,2024-02-7,User33,2,3
2024020717,2024-02-4,User66,4,5
2024020718,2024-02-13,User60,4,1
2024020719,2024-02-14,User4,4,2
2024020720,2024-02-1,User95,4,9
2024020721,2024-02-2,User1,2,2
2024020722,2024-02-28,User60,5,2
2024020723,2024-02-26,User86,2,1
2024020724,2024-02-3,User23,1,6
2024020725,2024-02-27,User21,3,8
2024020726,2024-02-1,User2,2,7
2024020727,2024-02-25,User18,2,8
2024020728,2024-02-8,User4,4,5
2024020729,2024-02-1,User6,1,6
2024020730,2024-02-5,User68,1,9
2024020731,2024-02-18,User49,5,5
2024020732,2024-02-27,User88,2,9
2024020733,2024-02-2,User40,2,8
2024020734,2024-02-19,User6,1,6
2024020735,2024-02-15,User52,2,8
2024020736,2024-02-13,User27,2,8
2024020737,2024-02-15,User45,5,3
2024020738,2024-02-4,User68,3,6
2024020739,2024-02-6,User52,1,9
2024020740,2024-02-18,User63,1,7
2024020741,2024-02-17,User56,5,1
2024020742,2024-02-19,User50,5,10
2024020743,2024-02-25,User46,2,7
2024020744,2024-02-14,User9,2,2
2024020745,2024-02-22,User92,2,5
2024020746,2024-02-10,User37,3,9
2024020747,2024-02-27,User6,3,1
2024020748,2024-02-12,User4,4,4
2024020749,2024-02-1,User15,4,1
2024020750,2024-02-15,User24,3,3
2024020751,2024-02-22,User21,3,7
2024020752,2024-02-4,User64,5,4
2024020753,2024-02-12,User73,5,1
2024020754,2024-02-20,User41,3,10
2024020755,2024-02-12,User18,3,10
2024020756,2024-02-22,User57,3,9
2024020757,2024-02-17,User77,1,8
2024020758,2024-02-6,User21,5,4
2024020759,2024-02-27,User13,3,4
2024020760,2024-02-3,User91,2,6
2024020761,2024-02-8,User13,4,5
2024020762,2024-02-15,User96,1,1
2024020763,2024-02-1,User10,5,10
2024020764,2024-02-9,User75,3,5
2024020765,2024-02-25,User21,5,9
2024020766,2024-02-20,User92,5,4
2024020767,2024-02-14,User87,4,3
2024020768,2024-02-14,User72,2,9
2024020769,2024-02-3,User4,1,10
2024020770,2024-02-11,User9,4,9
2024020771,2024-02-5,User99,5,10
2024020772,2024-02-4,User45,1,9
2024020773,2024-02-1,User7,5,2
2024020774,2024-02-21,User12,4,5
2024020775,2024-02-16,User62,2,9
2024020776,2024-02-10,User46,3,6
2024020777,2024-02-23,User14,2,2
2024020778,2024-02-10,User71,1,8
2024020779,2024-02-26,User10,2,9
2024020780,2024-02-4,User39,4,8
2024020781,2024-02-24,User59,4,8
2024020782,2024-02-24,User74,4,7
2024020783,2024-02-2,User32,2,3
2024020784,2024-02-9,User74,2,4
2024020785,2024-02-5,User64,4,2
2024020786,2024-02-15,User81,1,4
2024020787,2024-02-21,User33,4,8
2024020788,2024-02-23,User73,5,7
2024020789,2024-02-13,User73,1,5
2024020790,2024-02-6,User13,2,7
2024020791,2024-02-7,User62,4,1
2024020792,2024-02-2,User88,2,4
2024020793,2024-02-14,User17,3,6
2024020794,2024-02-19,User76,3,7
2024020795,2024-02-10,User60,3,2
2024020796,2024-02-6,User75,4,6
2024020797,2024-02-13,User94,4,2
2024020798,2024-02-24,User21,5,10
2024020799,2024-02-16,User45,4,3
2024020800,2024-02-25,User33,5,9
2024020801,2024-02-5,User55,1,4
2024020802,2024-02-13,User62,4,3
2024020803,2024-02-17,User34,2,7
2024020804,2024-02-16,User74,4,8
2024020805,2024-02-2,User56,1,9
2024020806,2024-02-1,User88,3,7
2024020807,2024-02-3,User53,2,10
2024020808,2024-02-9,User36,2,5
2024020809,2024-02-26,User94,5,1
2024020810,2024-02-2,User75,2,7
2024020811,2024-02-24,User56,5,7
2024020812,2024-02-26,User33,1,10
2024020813,2024-02-8,User23,4,10
2024020814,2024-02-1,User96,5,1
2024020815,2024-02-16,User60,3,6
2024020816,2024-02-1,User81,5,8
2024020817,2024-02-14,User15,2,1
2024020818,2024-02-4,User4,3,3
2024020819,2024-02-2,User86,3,4
2024020820,2024-02-13,User7,4,10
2024020821,2024-02-12,User81,3,6
2024020822,2024-02-25,User49,3,3
2024020823,2024-02-27,User33,1,2
2024020824,2024-02-13,User20,1,3
2024020825,2024-02-20,User75,2,5
2024020826,2024-02-19,User57,2,6
2024020827,2024-02-5,User65,1,4
2024020828,2024-02-6,User14,3,1
2024020829,2024-02-13,User17,2,5
2024020830,2024-02-28,User27,4,3
2024020831,2024-02-8,User98,4,8
2024020832,2024-02-5,User40,2,9
2024020833,2024-02-10,User37,4,7
2024020834,2024-02-10,User71,5,1
2024020835,2024-02-23,User82,1,6
2024020836,2024-02-10,User62,5,3
2024020837,2024-02-4,User17,2,6
2024020838,2024-02-6,User20,3,8
2024020839,2024-02-22,User70,4,2
2024020840,2024-02-26,User94,2,2
2024020841,2024-02-25,User87,2,6
2024020842,2024-02-9,User69,4,8
2024020843,2024-02-18,User73,2,2
2024020844,2024-02-3,User97,1,3
2024020845,2024-02-13,User78,3,6
2024020846,2024-02-20,User81,3,7
2024020847,2024-02-9,User11,3,9
2024020848,2024-02-26,User16,4,4
2024020849,2024-02-11,User99,2,2
2024020850,2024-02-24,User43,2,8
2024020851,2024-02-8,User50,4,9
2024020852,2024-02-20,User92,3,8
2024020853,2024-02-16,User94,3,7
2024020854,2024-02-19,User91,1,10
2024020855,2024-02-1,User28,2,8
2024020856,2024-02-21,User82,4,5
2024020857,2024-02-1,User1,1,4
2024020858,2024-02-22,User40,5,8
2024020859,2024-02-16,User29,1,6
2024020860,2024-02-28,User23,1,8
2024020861,2024-02-8,User98,5,3
2024020862,2024-02-6,User37,4,7
2024020863,2024-02-14,User3,5,10
2024020864,2024-02-7,User3,1,6
2024020865,2024-02-23,User80,3,3
2024020866,2024-02-8,User86,4,2
2024020867,2024-02-1,User20,1,7
2024020868,2024-02-13,User53,4,8
2024020869,2024-02-16,User44,5,4
2024020870,2024-02-4,User6,5,2
2024020871,2024-02-19,User58,2,6
2024020872,2024-02-15,User94,3,9
2024020873,2024-02-12,User2,5,2
2024020874,2024-02-18,User71,3,1
2024020875,2024-02-11,User3,2,8
2024020876,2024-02-24,User33,4,4
2024020877,2024-02-12,User48,2,5
2024020878,2024-02-2,User44,1,5
2024020879,2024-02-20,User51,2,1
2024020880,2024-02-13,User98,2,3
2024020881,2024-02-7,User94,3,5
2024020882,2024-02-13,User28,5,5
2024020883,2024-02-27,User3,4,2
2024020884,2024-02-4,User46,3,10
2024020885,2024-02-13,User37,1,1
2024020886,2024-02-21,User25,4,2
2024020887,2024-02-24,User94,1,10
2024020888,2024-02-5,User5,3,1
2024020889,2024-02-18,User8,5,7
2024020890,2024-02-11,User8,2,6
2024020891,2024-02-21,User10,1,10
2024020892,2024-02-26,User58,5,4
2024020893,2024-02-24,User95,2,2
2024020894,2024-02-16,User22,5,7
2024020895,2024-02-12,User41,2,5
2024020896,2024-02-13,User88,3,10
2024020897,2024-02-5,User97,2,8
2024020898,2024-02-27,User87,5,9
2024020899,2024-02-22,User9,4,4
2024020900,2024-02-24,User20,2,1
2024020901,2024-02-3,User47,1,9
2024020902,2024-02-3,User20,1,1
2024020903,2024-02-27,User29,1,7
2024020904,2024-02-12,User40,2,2
2024020905,2024-02-27,User42,3,7
2024020906,2024-02-26,User52,1,9
2024020907,2024-02-18,User21,5,10
2024020908,2024-02-1,User47,4,8
2024020909,2024-02-11,User84,3,8
2024020910,2024-02-27,User60,1,9
2024020911,2024-02-19,User95,2,9
2024020912,2024-02-12,User49,4,10
2024020913,2024-02-18,User95,1,9
2024020914,2024-02-3,User88,2,2
2024020915,2024-02-13,User97,4,8
2024020916,2024-02-24,User37,1,5
2024020917,2024-02-27,User79,4,3
2024020918,2024-02-2,User84,4,7
2024020919,2024-02-14,User83,4,1
2024020920,2024-02-24,User80,5,4
2024020921,2024-02-23,User82,3,10
2024020922,2024-02-23,User99,5,9
2024020923,2024-02-28,User87,1,4
2024020924,2024-02-12,User44,3,2
2024020925,2024-02-21,User70,3,10
2024020926,2024-02-3,User50,2,6
2024020927,2024-02-2,User66,3,8
2024020928,2024-02-28,User41,3,3
2024020929,2024-02-24,User30,5,1
2024020930,2024-02-6,User59,2,4
2024020931,2024-02-10,User36,2,9
2024020932,2024-02-26,User14,5,4
2024020933,2024-02-19,User73,3,1
2024020934,2024-02-9,User48,5,6
2024020935,2024-02-24,User17,1,3
2024020936,2024-02-10,User61,2,8
2024020937,2024-02-4,User42,2,3
2024020938,2024-02-11,User92,3,10
2024020939,2024-02-26,User42,2,5
2024020940,2024-02-16,User5,4,2
2024020941,2024-02-25,User74,3,3
2024020942,2024-02-8,User27,5,8
2024020943,2024-02-25,User29,1,10
2024020944,2024-02-2,User51,1,10
2024020945,2024-02-11,User48,3,10
2024020946,2024-02-20,User27,5,10
2024020947,2024-02-26,User84,4,7
2024020948,2024-02-7,User68,2,3
2024020949,2024-02-4,User91,3,1
2024020950,2024-02-5,User28,3,3
2024020951,2024-02-2,User82,4,10
2024020952,2024-02-20,User64,2,10
2024020953,2024-02-10,User66,2,9
2024020954,2024-02-18,User89,2,10
2024020955,2024-02-25,User48,2,7
2024020956,2024-02-1,User13,2,2
2024020957,2024-02-8,User39,3,1
2024020958,2024-02-4,User100,4,10
2024020959,2024-02-8,User65,2,7
2024020960,2024-02-25,User59,5,7
2024020961,2024-02-28,User68,5,7
2024020962,2024-02-15,User83,3,2
2024020963,2024-02-8,User100,5,10
2024020964,2024-02-20,User55,5,10
2024020965,2024-02-7,User98,4,3
2024020966,2024-02-27,User20,4,6
2024020967,2024-02-7,User71,5,6
2024020968,2024-02-2,User5,5,5
2024020969,2024-02-8,User90,4,6
2024020970,2024-02-27,User57,1,8
2024020971,2024-02-10,User81,3,3
2024020972,2024-02-25,User53,1,2
2024020973,2024-02-28,User18,5,8
2024020974,2024-02-9,User8,3,4
2024020975,2024-02-10,User93,5,5
2024020976,2024-02-9,User11,2,2
2024020977,2024-02-27,User67,2,2
2024020978,2024-02-19,User75,4,4
2024020979,2024-02-17,User93,4,5
2024020980,2024-02-18,User96,3,9
2024020981,2024-02-23,User17,2,7
2024020982,2024-02-6,User26,3,7
2024020983,2024-02-13,User56,3,2
2024020984,2024-02-2,User1,1,7
2024020985,2024-02-13,User38,1,1
2024020986,2024-02-28,User42,5,5
2024020987,2024-02-16,User27,4,6
2024020988,2024-02-19,User69,1,8
2024020989,2024-02-25,User71,3,7
2024020990,2024-02-3,User43,4,7
2024020991,2024-02-15,User59,2,4
2024020992,2024-02-9,User69,1,3
2024020993,2024-02-8,User87,5,6
2024020994,2024-02-26,User82,1,2
2024020995,2024-02-1,User18,4,6
2024020996,2024-02-16,User38,4,5
2024020997,2024-02-9,User51,2,4
2024020998,2024-02-21,User97,5,9
2024020999,2024-02-9,User61,5,4
2024021000,2024-02-18,User10,2,10
